ethereum_address,impact_percentage
0xd231cbea9397ba77806176a6c85ace73e45c91f2,34.01015228426396
0x39bb57b112f459f6636fcb7bd87d8acce408e12a,20.558375634517766
0xcdc6dbfbb4755d82c90166b79063b5881906b48e,4.568527918781726
0x36a0880ce5d9faa1de64572e51b25e1954004380,0.25380710659898476
0x0000000000000000000000000000000000000000,40.609137055837564